﻿고객ID,고객 만족도 점수,담당자 이름,담당자ID,대기 시간,매니저 이름,전달 여부,콜 주제,전달 횟수,제품,채널,첫콜로 해결여부,콜 결과,콜 분위기,콜 시작시간,콜 종료시간,콜 ID,콜센터 위치,콜이후 작업시간
174,5,김종문,1038,6,신일우,Yes,결제,0,소닉펄스 무선 스피커,소셜미디어,No,이슈 해결,긍정적,12-15-2023 18:05,12-15-2023 18:30,9240,켄터키,9
222,4,이상엽,1003,5,박지훈,No,결제,1,아스트로뷰 가상현실 헤드셋,전화,No,팔로업 필요,부정적,12-09-2023 08:09,12-09-2023 08:23,53213,버지니아,7
492,5,정준현,1046,8,박지훈,Yes,계정 관리,3,솔라브리즈 휴대용 충전기,이메일,Yes,팔로업 필요,부정적,12-14-2023 14:39,12-14-2023 15:00,1477,워싱턴,9
757,2,이건우,1023,9,이서윤,No,결제,0,루나 라운지 스웨트팬츠,소셜미디어,Yes,이슈 해결,긍정적,12-11-2023 06:04,12-11-2023 06:24,61839,뉴햄프셔,7
1435,2,조정영,1024,10,신일우,Yes,결제,2,오르빗핏 피트니스 트래커,소셜미디어,Yes,담당부서 연결,긍정적,12-18-2023 11:03,12-18-2023 11:15,53922,아이다호,5
1498,3,파비앙,1015,1,박지훈,Yes,계정 관리,1,루미나 태양광 램프,전화,Yes,팔로업 필요,긍정적,12-17-2023 15:55,12-17-2023 16:18,23222,워싱턴,7
1627,4,장은형,1047,8,박지훈,Yes,계정 관리,0,써모스타 스마트 온도조절기,채팅,Yes,담당부서 연결,부정적,12-11-2023 06:28,12-11-2023 06:50,35522,사우스다코타,4
2209,3,이광수,1008,6,신일우,Yes,주문문의,2,성운 야간 투시 쌍안경,전화,Yes,이슈 해결,부정적,12-01-2023 09:06,12-01-2023 09:13,77600,켄터키,9
2227,5,이진형,1027,4,장예진,No,계정 관리,1,루미나 태양광 램프,소셜미디어,No,담당부서 연결,중립적,12-11-2023 01:53,12-11-2023 02:17,30345,오레곤,3
2400,2,박마리,1018,9,김민준,Yes,계정 관리,1,위즈기즈모 블루투스 헤드폰,이메일,No,이슈 해결,부정적,12-02-2023 19:26,12-02-2023 19:49,60478,아칸소,1
2925,2,박마리,1018,3,박지훈,No,결제,2,웨이브라이더 호버보드,채팅,No,이슈 해결,부정적,12-12-2023 00:17,12-12-2023 00:28,62394,버지니아,7
3440,1,강문석,1013,10,이서윤,Yes,계정 관리,0,솔라 플레어 데님 재킷,소셜미디어,No,담당부서 연결,부정적,12-13-2023 11:40,12-13-2023 11:49,56666,네브래스카,8
3647,4,구재춘,1020,4,김민준,Yes,계정 관리,0,아스트로클린 퀀텀 진공청소기,채팅,Yes,팔로업 필요,긍정적,12-12-2023 13:56,12-12-2023 14:20,44658,플로리다,2
3650,2,이창규,1010,9,신일우,Yes,결제,1,옴니차지 태양광 발전기,전화,Yes,담당부서 연결,부정적,12-05-2023 11:38,12-05-2023 11:58,63752,메인,3
4392,2,홍성규,1001,8,신일우,Yes,결제,0,퀀텀 수수께끼: 현실의 해명,이메일,Yes,팔로업 필요,중립적,12-07-2023 06:24,12-07-2023 06:29,32254,메인,6
4403,2,신동훈,1028,9,박지훈,No,결제,0,우주의 속삭임: 시공간 여행,전화,Yes,이슈 해결,긍정적,12-13-2023 19:22,12-13-2023 19:36,6669,유타,2
4618,1,윤광민,1012,1,장예진,No,결제,2,스타라이트 스팽글 드레스,전화,Yes,담당부서 연결,긍정적,12-14-2023 14:13,12-14-2023 14:36,7563,노스다코타,8
4720,4,김으뜸,1006,3,장예진,No,결제,1,성운 니트 스웨터,이메일,Yes,이슈 해결,중립적,12-13-2023 18:00,12-13-2023 18:19,62138,펜실베이니아,6
4884,3,곽지운,1034,5,박지훈,Yes,주문문의,2,우주의 속삭임: 시공간 여행,이메일,No,담당부서 연결,긍정적,12-13-2023 13:11,12-13-2023 13:19,12264,사우스다코타,7
5004,3,이창규,1010,3,박지훈,Yes,결제,2,써모스타 스마트 온도조절기,이메일,No,팔로업 필요,중립적,12-14-2023 23:16,12-14-2023 23:30,97232,유타,10
5079,4,정성우,1016,10,장예진,No,결제,1,핸드 헬드 건식 진공청소기,이메일,No,이슈 해결,중립적,12-07-2023 10:33,12-07-2023 11:01,25440,오하이오,1
5635,2,이지현,1021,6,김민준,Yes,결제,2,팬텀 스텔스 보안 카메라,소셜미디어,No,팔로업 필요,긍정적,12-15-2023 01:23,12-15-2023 01:35,51036,알라바마,7
5806,2,박전두,1049,4,장예진,Yes,결제,3,위즈기즈모 블루투스 헤드폰,전화,Yes,이슈 해결,긍정적,12-05-2023 13:22,12-05-2023 13:39,38627,뉴욕,5
5861,5,이수만,1025,1,신일우,No,주문문의,1,루미나 태양광 램프,이메일,Yes,이슈 해결,중립적,12-08-2023 14:11,12-08-2023 14:29,96762,일리노이,8
5888,5,신지호,1005,2,김민준,Yes,주문문의,3,크리스탈클리어 정수기,이메일,No,이슈 해결,중립적,12-13-2023 01:07,12-13-2023 01:29,86744,플로리다,8
5940,5,조정영,1024,3,박지훈,No,주문문의,1,라이트스크라이브 3D 프린터,전화,No,이슈 해결,부정적,12-16-2023 22:05,12-16-2023 22:24,16677,사우스다코타,4
6431,1,이창규,1010,8,장예진,No,결제,0,성운 니트 스웨터,소셜미디어,No,담당부서 연결,중립적,12-13-2023 15:28,12-13-2023 15:36,56274,사우스캐롤라이나,7
7108,3,정경후,1009,1,장예진,Yes,주문문의,2,알 수 없는 제품,소셜미디어,Yes,담당부서 연결,중립적,12-16-2023 12:45,12-16-2023 13:12,27938,오레곤,9
7331,5,강문석,1013,5,박지훈,No,주문문의,3,별로의 여정: 우주 오디세이,채팅,Yes,이슈 해결,긍정적,12-12-2023 12:03,12-12-2023 12:15,97398,유타,6
7762,4,파비앙,1015,6,장예진,No,주문문의,2,스파크플라이 드론 X10,소셜미디어,Yes,담당부서 연결,부정적,12-07-2023 02:30,12-07-2023 02:38,71149,뉴멕시코,9
8496,3,김종문,1038,1,신일우,Yes,결제,2,아스트로뷰 가상현실 헤드셋,이메일,No,담당부서 연결,중립적,12-17-2023 00:14,12-17-2023 00:41,72699,인디애나,9
8677,3,이연,1048,9,장예진,Yes,계정 관리,2,퀀텀쿡 정밀 오븐,소셜미디어,No,이슈 해결,긍정적,12-09-2023 12:56,12-09-2023 13:24,26812,로드아일랜드,10
8685,3,김으뜸,1006,9,장예진,No,결제,3,퀀텀쿡 정밀 오븐,이메일,No,이슈 해결,긍정적,12-09-2023 14:38,12-09-2023 14:43,73739,노스다코타,3
8733,4,김종문,1038,1,장예진,No,주문문의,1,위즈기즈모 블루투스 헤드폰,소셜미디어,No,이슈 해결,중립적,12-17-2023 22:33,12-17-2023 22:41,74640,오클라호마,1
8914,3,권요한,1042,2,신일우,No,주문문의,1,스텔라뷰 퀀텀 LED TV,채팅,No,담당부서 연결,부정적,12-15-2023 00:20,12-15-2023 00:34,35039,아이다호,5
9020,1,강진규,1029,10,이서윤,Yes,계정 관리,3,노바플레어 LED 프로젝터,채팅,Yes,담당부서 연결,중립적,12-09-2023 02:37,12-09-2023 02:49,87445,미시시피,4
9201,5,이상엽,1003,9,장예진,No,계정 관리,2,퀀텀 수수께끼: 현실의 해명,이메일,No,팔로업 필요,부정적,12-16-2023 04:27,12-16-2023 04:36,22746,뉴멕시코,5
9398,2,이진형,1027,7,신일우,No,계정 관리,0,아스트로클린 퀀텀 진공청소기,전화,No,이슈 해결,긍정적,12-18-2023 12:05,12-18-2023 12:23,36108,메인,7
9923,4,박전두,1049,9,김민준,Yes,결제,2,갤럭시가드 스마트 홈 시스템,소셜미디어,No,담당부서 연결,부정적,12-19-2023 12:53,12-19-2023 13:23,17989,콜로라도,6
10085,2,이상엽,1003,5,이서윤,Yes,결제,2,아스트로클린 퀀텀 진공청소기,이메일,Yes,담당부서 연결,긍정적,12-12-2023 03:53,12-12-2023 04:19,47067,뉴저지,8
10100,5,조정영,1024,3,신일우,No,결제,0,써모스타 스마트 온도조절기,이메일,Yes,이슈 해결,긍정적,12-17-2023 14:59,12-17-2023 15:22,80976,메인,2
10239,3,김민규,1041,3,신일우,Yes,결제,3,데님 재킷,전화,No,이슈 해결,긍정적,12-02-2023 15:50,12-02-2023 15:58,25679,켄터키,3
10834,5,권요한,1042,9,장예진,No,주문문의,1,솔라브리즈 휴대용 충전기,전화,Yes,이슈 해결,부정적,12-15-2023 15:24,12-15-2023 15:53,81125,노스다코타,8
11613,2,김종문,1038,2,박지훈,Yes,주문문의,1,아스트로클린 퀀텀 진공청소기,이메일,No,팔로업 필요,긍정적,12-14-2023 12:44,12-14-2023 12:59,85169,위스콘신,4
11731,5,김민규,1041,9,신일우,Yes,주문문의,1,오로라 운동용 반바지,채팅,No,이슈 해결,중립적,12-13-2023 12:53,12-13-2023 13:19,28079,캔자스,10
11955,5,김형주,1019,4,신일우,No,결제,1,스텔라쿡 정밀 압력 밥솥,소셜미디어,No,이슈 해결,긍정적,12-09-2023 09:50,12-09-2023 10:17,61193,하와이,7
12044,5,이동협,1045,1,김민준,No,결제,3,스파크플라이 드론 X10,전화,Yes,이슈 해결,중립적,12-15-2023 03:14,12-15-2023 03:42,17433,델라웨어,3
12056,1,김재오,1032,8,박지훈,No,계정 관리,1,옴니차지 태양광 발전기,소셜미디어,Yes,이슈 해결,중립적,12-15-2023 17:12,12-15-2023 17:37,25486,유타,7
12170,4,곽지운,1034,10,박지훈,No,계정 관리,0,옴니차지 태양광 발전기,소셜미디어,No,이슈 해결,중립적,12-10-2023 02:09,12-10-2023 02:27,52712,유타,2
12419,5,이준수,1011,1,김민준,Yes,계정 관리,0,메테오 메쉬 운동복 상의,채팅,Yes,팔로업 필요,부정적,12-09-2023 03:04,12-09-2023 03:09,87669,델라웨어,6
12536,2,이동협,1045,8,이서윤,No,결제,3,핸드 헬드 건식 진공청소기,전화,Yes,담당부서 연결,중립적,12-11-2023 18:29,12-11-2023 18:41,63339,미주리,7
13028,3,이진형,1027,9,이서윤,No,주문문의,2,스타라이트 스팽글 드레스,이메일,No,담당부서 연결,중립적,12-12-2023 01:41,12-12-2023 01:53,25549,뉴햄프셔,8
13306,3,홍성규,1001,3,박지훈,Yes,계정 관리,1,노바플레어 LED 프로젝터,채팅,No,이슈 해결,부정적,12-06-2023 03:35,12-06-2023 03:51,76025,버지니아,9
13340,1,김소영,1036,9,장예진,Yes,계정 관리,0,크리스탈클리어 정수기,전화,Yes,담당부서 연결,긍정적,12-11-2023 01:05,12-11-2023 01:17,50000,노스다코타,8
13602,4,곽지운,1034,9,김민준,Yes,계정 관리,0,라이트스크라이브 3D 프린터,채팅,Yes,이슈 해결,부정적,12-15-2023 09:07,12-15-2023 09:18,23840,알래스카,6
13681,2,정효종,1050,1,이서윤,No,주문문의,3,루나 라운지 스웨트팬츠,채팅,No,담당부서 연결,긍정적,12-19-2023 00:46,12-19-2023 01:11,45506,미네소타,2
13704,2,이연,1048,2,김민준,No,결제,2,알 수 없는 제품,소셜미디어,Yes,팔로업 필요,부정적,12-10-2023 00:29,12-10-2023 00:49,13615,아리조나,9
13764,2,김민규,1041,3,김민준,No,주문문의,0,스텔라뷰 퀀텀 LED TV,이메일,Yes,이슈 해결,긍정적,12-08-2023 05:51,12-08-2023 06:17,14913,알라바마,6
13802,1,곽지운,1034,1,장예진,No,결제,3,천체 슬로우 쿠커,소셜미디어,Yes,담당부서 연결,긍정적,12-12-2023 12:51,12-12-2023 13:09,83934,뉴멕시코,2
13962,5,유수현,1039,10,김민준,No,계정 관리,0,루미나 태양광 램프,이메일,Yes,담당부서 연결,긍정적,12-08-2023 17:02,12-08-2023 17:21,50923,콜로라도,4
13992,2,파비앙,1015,1,장예진,Yes,계정 관리,3,팬텀 스텔스 보안 카메라,소셜미디어,No,담당부서 연결,중립적,12-17-2023 07:45,12-17-2023 07:58,11844,사우스캐롤라이나,5
14217,2,신동훈,1028,8,신일우,Yes,주문문의,2,옴니차지 태양광 발전기,이메일,No,팔로업 필요,부정적,12-13-2023 21:30,12-13-2023 21:48,61949,인디애나,4
14381,3,이상엽,1003,4,신일우,Yes,결제,3,갤럭시 글램 이브닝 가운,이메일,Yes,팔로업 필요,중립적,12-03-2023 02:28,12-03-2023 02:39,56055,아이오와,4
14409,3,이동협,1045,9,장예진,Yes,결제,1,스타라이트 스팽글 드레스,소셜미디어,Yes,팔로업 필요,부정적,12-15-2023 21:51,12-15-2023 22:08,44765,노스캐롤라이나,7
14646,5,최지연,1017,8,박지훈,No,계정 관리,2,써모스타 스마트 온도조절기,전화,No,담당부서 연결,중립적,12-15-2023 07:15,12-15-2023 07:25,70718,웨스트버진아,3
15185,4,배은희,1014,8,이서윤,No,주문문의,2,갤럭시가드 스마트 홈 시스템,채팅,Yes,담당부서 연결,중립적,12-03-2023 17:25,12-03-2023 17:53,9625,미네소타,5
15211,4,김평식,1031,6,박지훈,Yes,계정 관리,0,플렉스핏 스마트워치,전화,No,팔로업 필요,긍정적,12-16-2023 12:25,12-16-2023 12:44,28228,텍사스,5
15759,5,고수연,1044,7,이서윤,Yes,주문문의,0,솔라브리즈 휴대용 충전기,채팅,Yes,담당부서 연결,긍정적,12-18-2023 12:01,12-18-2023 12:18,78985,미주리,10
16528,4,최지연,1017,10,이서윤,No,주문문의,2,성운 니트 스웨터,이메일,Yes,팔로업 필요,중립적,12-15-2023 16:49,12-15-2023 17:01,71850,미주리,8
16548,5,구재춘,1020,10,이서윤,No,주문문의,2,별로 가는 후디,소셜미디어,No,이슈 해결,부정적,12-09-2023 20:40,12-09-2023 20:48,44332,미시간,8
16621,5,최지연,1017,9,김민준,Yes,계정 관리,2,핸드 헬드 건식 진공청소기,소셜미디어,No,이슈 해결,중립적,12-18-2023 12:48,12-18-2023 13:01,46924,플로리다,9
16711,3,조정영,1024,5,장예진,Yes,계정 관리,2,위즈기즈모 에어 프라이어,채팅,No,팔로업 필요,긍정적,12-04-2023 06:55,12-04-2023 07:09,57099,펜실베이니아,9
17177,4,김민규,1041,9,장예진,No,계정 관리,3,성운 니트 스웨터,채팅,Yes,이슈 해결,긍정적,12-15-2023 17:17,12-15-2023 17:29,62716,오하이오,5
18217,4,신지호,1005,1,이서윤,No,주문문의,3,오르빗핏 피트니스 트래커,소셜미디어,Yes,팔로업 필요,긍정적,12-18-2023 10:09,12-18-2023 10:20,48831,매사추세츠,2
18465,4,김종문,1038,4,장예진,No,계정 관리,0,스타라이트 스팽글 드레스,소셜미디어,No,이슈 해결,부정적,12-03-2023 21:39,12-03-2023 21:57,23803,노스다코타,2
19341,1,이동협,1045,8,박지훈,No,주문문의,1,크리스탈클리어 정수기,채팅,No,팔로업 필요,부정적,12-02-2023 10:09,12-02-2023 10:37,4382,사우스다코타,3
19398,2,이진형,1027,10,박지훈,No,주문문의,3,성운 야간 투시 쌍안경,이메일,Yes,이슈 해결,긍정적,12-04-2023 14:10,12-04-2023 14:38,33207,웨스트버진아,7
19613,5,강문석,1013,3,이서윤,No,결제,3,퀀텀쿡 정밀 오븐,전화,No,담당부서 연결,긍정적,12-05-2023 08:07,12-05-2023 08:16,37385,네바다,4
20103,3,신지호,1005,7,박지훈,No,주문문의,3,성운 니트 스웨터,채팅,No,팔로업 필요,중립적,12-18-2023 11:03,12-18-2023 11:18,7044,위스콘신,2
20308,3,이건우,1023,10,이서윤,Yes,결제,2,크리스탈클리어 정수기,전화,No,이슈 해결,중립적,12-01-2023 14:47,12-01-2023 15:06,73518,뉴저지,8
21164,4,김유진,1037,6,김민준,No,결제,3,소닉펄스 무선 스피커,전화,No,이슈 해결,중립적,12-12-2023 05:41,12-12-2023 06:11,60466,커네티컷,3
21575,1,허서현,1026,7,장예진,Yes,결제,3,우주의 속삭임: 시공간 여행,전화,Yes,이슈 해결,중립적,12-17-2023 16:58,12-17-2023 17:13,30179,오레곤,4
22662,1,강진규,1029,7,장예진,No,계정 관리,2,소행성 커피 메이커,채팅,No,담당부서 연결,긍정적,12-05-2023 16:50,12-05-2023 17:10,67242,뉴멕시코,7
22750,3,홍성규,1001,2,장예진,Yes,결제,0,소닉펄스 무선 스피커,이메일,No,팔로업 필요,긍정적,12-03-2023 13:39,12-03-2023 13:55,60732,오레곤,6
22807,1,고수연,1044,1,이서윤,No,결제,2,위즈기즈모 블루투스 헤드폰,소셜미디어,No,팔로업 필요,긍정적,12-06-2023 00:13,12-06-2023 00:18,17779,미네소타,7
22955,4,배은희,1014,5,박지훈,No,결제,3,솔라 플레어 데님 재킷,전화,No,담당부서 연결,긍정적,12-03-2023 09:13,12-03-2023 09:42,64392,웨스트버진아,8
23141,4,박영주,1002,7,박지훈,No,결제,3,우주의 속삭임: 시공간 여행,소셜미디어,Yes,이슈 해결,부정적,12-04-2023 06:38,12-04-2023 06:58,23042,유타,6
24091,2,이광수,1008,9,장예진,Yes,주문문의,1,스타라이트 스팽글 드레스,전화,No,담당부서 연결,중립적,12-12-2023 05:23,12-12-2023 05:53,15524,사우스캐롤라이나,3
24631,3,이연,1048,1,신일우,No,결제,0,천체 슬로우 쿠커,채팅,No,담당부서 연결,부정적,12-09-2023 00:38,12-09-2023 01:08,89876,켄터키,8
24706,4,이상엽,1003,1,이서윤,Yes,결제,3,테라폼 스마트 정원 시스템,채팅,No,이슈 해결,중립적,12-04-2023 23:29,12-04-2023 23:59,30886,네바다,2
24761,2,배은희,1014,8,이서윤,Yes,계정 관리,0,천체 시크 블라우스,소셜미디어,Yes,이슈 해결,부정적,12-06-2023 19:56,12-06-2023 20:01,73570,네브래스카,3
25497,2,강문석,1013,5,박지훈,Yes,주문문의,0,스텔라뷰 퀀텀 LED TV,전화,No,팔로업 필요,중립적,12-18-2023 23:25,12-18-2023 23:40,10870,텍사스,10
25536,1,박전두,1049,1,김민준,Yes,계정 관리,2,메테오 메쉬 운동복 상의,이메일,Yes,이슈 해결,부정적,12-05-2023 12:25,12-05-2023 12:54,26356,아리조나,6
25718,4,박영주,1002,10,장예진,No,주문문의,2,팬텀 스텔스 보안 카메라,전화,Yes,담당부서 연결,중립적,12-14-2023 17:08,12-14-2023 17:26,75341,노스다코타,5
26277,4,정경후,1009,9,장예진,Yes,결제,1,퀀텀쿡 정밀 오븐,소셜미디어,Yes,팔로업 필요,부정적,12-15-2023 08:38,12-15-2023 08:48,9452,펜실베이니아,6
26459,4,김평식,1031,2,신일우,No,계정 관리,2,스타라이트 스팽글 드레스,이메일,No,이슈 해결,부정적,12-07-2023 21:43,12-07-2023 22:01,21150,아이다호,3
26471,2,장은형,1047,2,신일우,No,주문문의,1,아스트로클린 퀀텀 진공청소기,이메일,No,담당부서 연결,긍정적,12-17-2023 03:19,12-17-2023 03:38,49156,아이다호,4
26636,2,최우영,1022,3,박지훈,No,결제,3,테라폼 스마트 정원 시스템,채팅,No,이슈 해결,긍정적,12-13-2023 18:36,12-13-2023 18:59,42720,버몬트,9
26779,1,곽지운,1034,4,이서윤,Yes,주문문의,0,천체 슬로우 쿠커,전화,Yes,담당부서 연결,중립적,12-03-2023 18:15,12-03-2023 18:24,95403,미주리,9
27814,5,홍성규,1001,4,박지훈,Yes,주문문의,2,소행성 커피 메이커,소셜미디어,No,이슈 해결,중립적,12-01-2023 06:09,12-01-2023 06:23,80496,유타,7
27949,1,권요한,1042,3,김민준,No,계정 관리,3,오르빗핏 피트니스 트래커,전화,Yes,팔로업 필요,부정적,12-11-2023 16:00,12-11-2023 16:26,31376,아리조나,4
27975,3,조정영,1024,6,이서윤,No,결제,2,혜성 캐주얼 티셔츠,소셜미디어,No,담당부서 연결,중립적,12-09-2023 12:09,12-09-2023 12:25,68566,뉴저지,9
28424,4,이수만,1025,6,신일우,No,계정 관리,1,아스트로클린 퀀텀 진공청소기,이메일,Yes,이슈 해결,중립적,12-16-2023 10:52,12-16-2023 10:57,54683,하와이,9
28517,5,최우영,1022,4,김민준,No,계정 관리,0,오르빗핏 피트니스 트래커,채팅,Yes,담당부서 연결,부정적,12-17-2023 11:36,12-17-2023 12:02,51913,알라바마,7
28804,2,정준현,1046,3,장예진,Yes,계정 관리,2,웨이브라이더 호버보드,전화,Yes,담당부서 연결,중립적,12-14-2023 15:50,12-14-2023 16:06,31869,노스다코타,7
28806,5,윤광민,1012,3,이서윤,Yes,주문문의,3,스텔라쿡 정밀 압력 밥솥,소셜미디어,No,이슈 해결,부정적,12-14-2023 18:38,12-14-2023 19:06,39216,뉴저지,4
28883,5,김민규,1041,8,장예진,No,주문문의,2,에스프레소 디럭스 머신,소셜미디어,No,팔로업 필요,긍정적,12-06-2023 13:06,12-06-2023 13:23,15623,사우스캐롤라이나,5
28892,2,신지호,1005,9,이서윤,Yes,주문문의,0,라이트스크라이브 3D 프린터,전화,No,팔로업 필요,긍정적,12-08-2023 19:34,12-08-2023 19:42,50669,매사추세츠,3
28900,5,김평식,1031,2,박지훈,No,결제,3,성운 야간 투시 쌍안경,이메일,No,이슈 해결,중립적,12-07-2023 11:18,12-07-2023 11:25,65274,테네시,3
28924,5,이동협,1045,5,박지훈,Yes,주문문의,1,성운 니트 스웨터,전화,Yes,담당부서 연결,부정적,12-13-2023 13:56,12-13-2023 14:14,67606,웨스트버진아,9
29100,5,장은형,1047,7,이서윤,No,결제,1,소행성 커피 메이커,전화,Yes,이슈 해결,부정적,12-01-2023 19:39,12-01-2023 19:44,98746,네브래스카,9
29120,3,정준현,1046,6,신일우,No,결제,1,라이트스크라이브 3D 프린터,전화,Yes,이슈 해결,부정적,12-11-2023 16:42,12-11-2023 16:59,86713,하와이,2
29169,1,이창규,1010,6,이서윤,Yes,주문문의,0,소닉펄스 무선 스피커,이메일,Yes,이슈 해결,긍정적,12-17-2023 16:34,12-17-2023 16:50,9889,네브래스카,3
29298,4,김형주,1019,3,장예진,No,주문문의,3,퀀텀 수수께끼: 현실의 해명,채팅,Yes,팔로업 필요,부정적,12-17-2023 23:51,12-18-2023 00:19,33225,오클라호마,10
29404,2,최지연,1017,3,김민준,No,계정 관리,0,오르빗핏 피트니스 트래커,전화,No,팔로업 필요,긍정적,12-08-2023 18:31,12-08-2023 19:01,68446,아리조나,7
29738,2,고수연,1044,5,김민준,No,결제,3,테라폼 스마트 정원 시스템,이메일,Yes,이슈 해결,중립적,12-06-2023 01:12,12-06-2023 01:20,29185,델라웨어,7
29831,4,김으뜸,1006,2,김민준,Yes,결제,0,성운 니트 스웨터,소셜미디어,Yes,담당부서 연결,부정적,12-10-2023 11:34,12-10-2023 12:02,59793,커네티컷,2
30242,3,안현준,1033,9,박지훈,No,계정 관리,3,별로의 여정: 우주 오디세이,채팅,Yes,담당부서 연결,부정적,12-08-2023 17:04,12-08-2023 17:22,21930,버지니아,8
30309,3,신동훈,1028,1,이서윤,No,결제,1,아스트로뷰 가상현실 헤드셋,채팅,No,팔로업 필요,중립적,12-15-2023 14:37,12-15-2023 14:58,3580,미시시피,3
30563,3,곽지운,1034,3,신일우,No,계정 관리,1,노바플레어 LED 프로젝터,채팅,No,팔로업 필요,중립적,12-11-2023 22:30,12-11-2023 22:35,77773,메릴랜드,8
30882,3,구재춘,1020,7,신일우,Yes,계정 관리,0,우주의 속삭임: 시공간 여행,소셜미디어,Yes,팔로업 필요,부정적,12-03-2023 02:59,12-03-2023 03:23,58797,일리노이,8
30954,1,강문석,1013,6,신일우,Yes,계정 관리,0,노바플레어 LED 프로젝터,소셜미디어,No,팔로업 필요,중립적,12-05-2023 09:49,12-05-2023 10:11,86910,메인,3
31067,3,정효종,1050,7,김민준,No,주문문의,1,소행성 커피 메이커,전화,Yes,담당부서 연결,중립적,12-05-2023 15:57,12-05-2023 16:18,52150,커네티컷,7
31284,3,최우영,1022,10,김민준,Yes,결제,2,이클립스 데일리 청바지,이메일,Yes,담당부서 연결,부정적,12-17-2023 06:16,12-17-2023 06:42,18725,콜로라도,8
31405,2,파비앙,1015,7,장예진,Yes,결제,0,알 수 없는 제품,이메일,No,이슈 해결,중립적,12-02-2023 20:28,12-02-2023 20:40,43810,로드아일랜드,4
31459,2,김지현,1030,7,장예진,No,주문문의,2,메테오 메쉬 운동복 상의,채팅,Yes,담당부서 연결,긍정적,12-17-2023 09:39,12-17-2023 10:06,41204,뉴욕,3
31536,2,김유진,1037,8,김민준,No,결제,1,아스트로클린 퀀텀 진공청소기,전화,No,팔로업 필요,긍정적,12-13-2023 14:38,12-13-2023 15:01,69007,알라바마,2
32064,5,박영주,1002,3,김민준,Yes,결제,2,혜성 캐주얼 티셔츠,채팅,No,팔로업 필요,중립적,12-18-2023 16:50,12-18-2023 17:11,87655,캘리포니아,6
32211,3,박전두,1049,7,박지훈,No,계정 관리,2,오르빗핏 피트니스 트래커,채팅,No,팔로업 필요,부정적,12-03-2023 18:20,12-03-2023 18:35,73064,웨스트버진아,7
32312,4,김민규,1041,6,김민준,No,결제,2,루나 라운지 스웨트팬츠,소셜미디어,Yes,이슈 해결,부정적,12-13-2023 07:11,12-13-2023 07:35,92648,콜로라도,4
32319,4,윤광민,1012,10,박지훈,No,결제,1,소닉붐 블루투스 스피커,이메일,No,팔로업 필요,긍정적,12-07-2023 07:12,12-07-2023 07:34,90050,와이오밍,4
32386,5,김종문,1038,9,김민준,Yes,결제,3,아스트로뷰 가상현실 헤드셋,이메일,No,담당부서 연결,긍정적,12-09-2023 06:19,12-09-2023 06:28,54460,커네티컷,6
32864,5,신지호,1005,6,이서윤,No,결제,1,성운 니트 스웨터,소셜미디어,Yes,이슈 해결,긍정적,12-04-2023 13:35,12-04-2023 14:00,96607,미시간,4
33077,4,이진형,1027,9,신일우,No,결제,2,성운 야간 투시 쌍안경,소셜미디어,No,팔로업 필요,긍정적,12-12-2023 05:05,12-12-2023 05:29,28472,루이지애나,8
33103,1,이연,1048,9,신일우,Yes,주문문의,2,아스트로클린 퀀텀 진공청소기,소셜미디어,Yes,팔로업 필요,부정적,12-01-2023 11:25,12-01-2023 11:32,18264,일리노이,1
33255,1,김소영,1036,8,김민준,Yes,주문문의,0,메테오 메쉬 운동복 상의,전화,Yes,담당부서 연결,긍정적,12-19-2023 08:33,12-19-2023 08:59,33362,커네티컷,3
33270,1,이경민,1040,8,장예진,No,결제,0,소닉붐 블루투스 스피커,채팅,Yes,담당부서 연결,긍정적,12-09-2023 00:47,12-09-2023 00:58,6308,오클라호마,6
33277,3,이준수,1011,5,이서윤,No,결제,1,솔라브리즈 휴대용 충전기,이메일,Yes,담당부서 연결,중립적,12-13-2023 23:13,12-13-2023 23:18,40599,미네소타,5
33353,5,정준현,1046,2,장예진,Yes,결제,3,써모스타 스마트 온도조절기,소셜미디어,Yes,팔로업 필요,중립적,12-17-2023 14:33,12-17-2023 14:43,62672,노스캐롤라이나,10
33664,4,정준현,1046,4,이서윤,Yes,주문문의,1,루나 라운지 스웨트팬츠,전화,No,이슈 해결,긍정적,12-09-2023 02:59,12-09-2023 03:29,69677,몬타나,6
34102,2,김평식,1031,4,신일우,Yes,결제,2,오로라 운동용 반바지,전화,Yes,담당부서 연결,부정적,12-12-2023 09:46,12-12-2023 10:00,9371,하와이,9
34252,3,박마리,1018,7,신일우,Yes,결제,2,별로의 여정: 우주 오디세이,채팅,Yes,이슈 해결,긍정적,12-11-2023 03:51,12-11-2023 04:08,21391,캔자스,7
34267,3,구재춘,1020,8,신일우,No,주문문의,0,솔라 플레어 데님 재킷,이메일,No,담당부서 연결,중립적,12-18-2023 00:25,12-18-2023 00:54,95033,캔자스,3
34282,5,배은희,1014,1,신일우,Yes,결제,1,스타라이트 스팽글 드레스,이메일,No,이슈 해결,부정적,12-04-2023 10:20,12-04-2023 10:38,28766,아이오와,2
34467,3,홍성규,1001,3,신일우,Yes,계정 관리,2,스텔라쿡 정밀 압력 밥솥,채팅,Yes,이슈 해결,긍정적,12-01-2023 13:46,12-01-2023 14:10,98658,인디애나,2
34561,1,박마리,1018,3,김민준,No,계정 관리,2,노바플레어 LED 프로젝터,전화,Yes,이슈 해결,중립적,12-14-2023 19:48,12-14-2023 20:02,99572,알래스카,6
35171,3,박로미,1043,9,박지훈,Yes,결제,1,소행성 커피 메이커,전화,Yes,담당부서 연결,중립적,12-15-2023 03:13,12-15-2023 03:25,72404,유타,7
35194,2,박전두,1049,1,이서윤,No,결제,0,스타라이트 스팽글 드레스,이메일,Yes,팔로업 필요,중립적,12-04-2023 05:13,12-04-2023 05:43,77535,미주리,10
35601,1,신동훈,1028,9,신일우,No,주문문의,0,노바플레어 LED 프로젝터,이메일,Yes,담당부서 연결,중립적,12-17-2023 04:51,12-17-2023 05:21,22495,캔자스,2
35753,3,이동협,1045,10,장예진,Yes,계정 관리,1,스텔라뷰 퀀텀 LED TV,소셜미디어,Yes,담당부서 연결,긍정적,12-13-2023 07:46,12-13-2023 08:07,34390,펜실베이니아,9
36392,4,이지현,1021,9,신일우,Yes,계정 관리,0,우주의 속삭임: 시공간 여행,채팅,No,담당부서 연결,부정적,12-18-2023 20:08,12-18-2023 20:38,91437,아이오와,4
36715,1,최우영,1022,1,신일우,No,결제,1,이클립스 데일리 청바지,이메일,No,팔로업 필요,긍정적,12-02-2023 00:49,12-02-2023 01:03,55954,캔자스,1
36912,3,김소영,1036,5,김민준,No,주문문의,3,핸드 헬드 건식 진공청소기,소셜미디어,No,이슈 해결,중립적,12-17-2023 22:18,12-17-2023 22:34,75390,알래스카,7
37164,1,고수연,1044,2,박지훈,Yes,주문문의,2,플렉스핏 스마트워치,채팅,Yes,이슈 해결,부정적,12-13-2023 14:55,12-13-2023 15:21,62301,사우스다코타,8
37304,5,허서현,1026,4,이서윤,No,결제,0,루미나 태양광 램프,소셜미디어,No,팔로업 필요,부정적,12-09-2023 23:08,12-09-2023 23:30,78941,뉴저지,7
37540,4,구재춘,1020,1,박지훈,No,결제,0,갤럭시가드 스마트 홈 시스템,채팅,No,팔로업 필요,부정적,12-05-2023 20:12,12-05-2023 20:17,43669,와이오밍,1
37572,5,이수만,1025,6,박지훈,No,결제,0,옴니차지 태양광 발전기,소셜미디어,No,담당부서 연결,긍정적,12-05-2023 07:42,12-05-2023 07:49,59479,웨스트버진아,4
37811,1,고수연,1044,5,김민준,No,결제,0,위즈기즈모 에어 프라이어,채팅,Yes,팔로업 필요,중립적,12-16-2023 10:47,12-16-2023 11:17,779,플로리다,1
37843,4,신지호,1005,8,신일우,Yes,계정 관리,3,아스트로클린 퀀텀 진공청소기,전화,No,팔로업 필요,부정적,12-16-2023 11:24,12-16-2023 11:54,51021,일리노이,5
38466,2,이건우,1023,6,김민준,No,결제,3,노바플레어 LED 프로젝터,소셜미디어,Yes,담당부서 연결,부정적,12-06-2023 19:52,12-06-2023 20:02,96858,알래스카,5
38566,2,배은희,1014,8,장예진,Yes,결제,1,메테오 메쉬 운동복 상의,전화,No,이슈 해결,부정적,12-07-2023 17:44,12-07-2023 17:56,28957,로드아일랜드,4
38783,4,이광수,1008,1,김민준,Yes,계정 관리,3,오로라 운동용 반바지,전화,Yes,담당부서 연결,긍정적,12-05-2023 21:57,12-05-2023 22:21,1089,플로리다,1
38856,2,배은희,1014,10,신일우,No,주문문의,1,핸드 헬드 건식 진공청소기,소셜미디어,Yes,담당부서 연결,중립적,12-09-2023 11:29,12-09-2023 11:38,70564,메릴랜드,3
39223,2,고수연,1044,7,이서윤,No,주문문의,2,스텔라뷰 퀀텀 LED TV,전화,No,이슈 해결,중립적,12-12-2023 22:27,12-12-2023 22:51,50280,미시간,10
39239,5,이동협,1045,3,장예진,Yes,계정 관리,2,메테오 메쉬 운동복 상의,소셜미디어,Yes,이슈 해결,긍정적,12-19-2023 07:21,12-19-2023 07:45,71925,오하이오,9
39443,5,이수만,1025,10,이서윤,No,결제,1,이클립스 데일리 청바지,소셜미디어,Yes,담당부서 연결,긍정적,12-15-2023 08:11,12-15-2023 08:41,42488,네브래스카,6
39448,2,이광수,1008,1,김민준,No,계정 관리,1,라이트스크라이브 3D 프린터,이메일,No,팔로업 필요,긍정적,12-14-2023 14:42,12-14-2023 14:53,93484,콜로라도,10
39579,5,이연,1048,2,신일우,Yes,주문문의,1,스타라이트 스팽글 드레스,소셜미디어,No,이슈 해결,중립적,12-08-2023 12:53,12-08-2023 13:08,92544,아이오와,5
39675,5,배은희,1014,9,김민준,No,계정 관리,3,테라폼 스마트 정원 시스템,채팅,Yes,담당부서 연결,부정적,12-18-2023 15:42,12-18-2023 16:02,93024,플로리다,10
40033,5,이동협,1045,8,김민준,Yes,주문문의,1,천체 슬로우 쿠커,채팅,Yes,이슈 해결,중립적,12-07-2023 11:08,12-07-2023 11:36,39995,알라바마,8
40181,1,김유진,1037,4,김민준,Yes,계정 관리,0,성운 야간 투시 쌍안경,이메일,Yes,이슈 해결,중립적,12-05-2023 15:51,12-05-2023 16:11,29757,커네티컷,10
40381,5,고수연,1044,3,김민준,Yes,주문문의,1,팬텀 스텔스 보안 카메라,이메일,No,이슈 해결,부정적,12-03-2023 23:13,12-03-2023 23:36,91740,캘리포니아,4
41300,4,정효종,1050,4,장예진,No,주문문의,0,테라폼 스마트 정원 시스템,전화,No,담당부서 연결,부정적,12-18-2023 01:49,12-18-2023 02:09,28999,노스다코타,1
41457,1,이준수,1011,7,신일우,Yes,주문문의,0,데님 재킷,전화,No,담당부서 연결,긍정적,12-12-2023 21:34,12-12-2023 21:55,10440,루이지애나,7
41486,3,이준수,1011,7,신일우,No,계정 관리,1,알 수 없는 제품,전화,No,이슈 해결,부정적,12-01-2023 16:07,12-01-2023 16:17,78235,하와이,2
41495,3,고수연,1044,2,장예진,Yes,계정 관리,3,써모스타 스마트 온도조절기,소셜미디어,No,이슈 해결,중립적,12-15-2023 02:53,12-15-2023 03:19,12859,노스다코타,1
41516,2,유수현,1039,2,김민준,Yes,결제,3,크리스탈클리어 정수기,소셜미디어,No,팔로업 필요,중립적,12-05-2023 01:12,12-05-2023 01:21,80493,알래스카,8
41519,4,김종문,1038,4,김민준,No,결제,0,솔라 플레어 데님 재킷,전화,Yes,담당부서 연결,부정적,12-04-2023 06:24,12-04-2023 06:38,79260,알래스카,4
41717,2,정성우,1016,4,박지훈,No,계정 관리,3,아스트로클린 퀀텀 진공청소기,소셜미디어,No,이슈 해결,부정적,12-08-2023 19:21,12-08-2023 19:26,21063,웨스트버진아,7
41978,2,박영주,1002,5,이서윤,Yes,계정 관리,3,성운 야간 투시 쌍안경,이메일,No,팔로업 필요,중립적,12-16-2023 01:23,12-16-2023 01:49,17885,네바다,10
42023,5,강문석,1013,2,장예진,Yes,주문문의,1,별로 가는 후디,전화,Yes,팔로업 필요,중립적,12-04-2023 10:25,12-04-2023 10:36,23666,오클라호마,7
42308,3,김택주,1007,7,이서윤,No,주문문의,0,소닉펄스 무선 스피커,소셜미디어,No,팔로업 필요,부정적,12-16-2023 10:15,12-16-2023 10:29,69886,네브래스카,1
43482,3,이창규,1010,6,신일우,No,주문문의,1,소행성 커피 메이커,채팅,No,담당부서 연결,긍정적,12-09-2023 16:47,12-09-2023 16:55,73481,아이다호,9
43681,1,구재춘,1020,6,신일우,No,주문문의,0,솔라브리즈 휴대용 충전기,소셜미디어,Yes,이슈 해결,긍정적,12-04-2023 23:08,12-04-2023 23:32,50256,아이다호,9
44048,3,최지연,1017,8,이서윤,No,결제,2,이클립스 데일리 청바지,이메일,No,팔로업 필요,중립적,12-02-2023 19:41,12-02-2023 19:59,6754,미시간,2
44103,3,김평식,1031,3,이서윤,No,결제,0,웨이브라이더 호버보드,이메일,No,담당부서 연결,긍정적,12-07-2023 05:20,12-07-2023 05:32,34289,미네소타,7
44616,1,박전두,1049,4,장예진,No,결제,2,갤럭시가드 스마트 홈 시스템,전화,Yes,담당부서 연결,긍정적,12-06-2023 19:20,12-06-2023 19:36,67095,노스캐롤라이나,4
44941,3,최지연,1017,5,이서윤,No,주문문의,3,플렉스핏 스마트워치,이메일,No,이슈 해결,긍정적,12-08-2023 21:13,12-08-2023 21:36,74548,네바다,1
45548,2,홍성규,1001,6,이서윤,Yes,결제,0,웨이브라이더 호버보드,소셜미디어,No,이슈 해결,긍정적,12-17-2023 21:50,12-17-2023 22:04,32123,미주리,8
45561,5,박영주,1002,6,박지훈,No,결제,1,써모스타 스마트 온도조절기,이메일,No,팔로업 필요,중립적,12-04-2023 08:35,12-04-2023 08:40,60843,유타,10
45622,2,임영넷,1004,8,김민준,Yes,결제,2,데님 재킷,소셜미디어,Yes,이슈 해결,긍정적,12-19-2023 00:39,12-19-2023 01:00,27645,알래스카,5
45710,3,배은희,1014,9,박지훈,Yes,결제,1,오르빗핏 피트니스 트래커,이메일,No,담당부서 연결,중립적,12-05-2023 09:40,12-05-2023 09:49,87682,위스콘신,8
45742,3,김유진,1037,2,김민준,No,주문문의,2,써모스타 스마트 온도조절기,전화,Yes,이슈 해결,긍정적,12-04-2023 02:29,12-04-2023 02:45,52911,플로리다,9
46293,1,이준수,1011,9,박지훈,Yes,주문문의,3,노바플레어 LED 프로젝터,이메일,No,이슈 해결,부정적,12-16-2023 05:45,12-16-2023 05:51,81725,버몬트,5
46656,4,최우영,1022,6,이서윤,No,계정 관리,3,알 수 없는 제품,채팅,No,팔로업 필요,긍정적,12-06-2023 10:37,12-06-2023 10:59,97633,뉴저지,5
46700,2,강진규,1029,2,박지훈,Yes,계정 관리,0,아스트로뷰 가상현실 헤드셋,소셜미디어,No,담당부서 연결,부정적,12-05-2023 15:08,12-05-2023 15:33,62956,버몬트,7
46934,5,이경민,1040,10,장예진,Yes,주문문의,3,위즈기즈모 에어 프라이어,채팅,Yes,팔로업 필요,긍정적,12-02-2023 05:00,12-02-2023 05:28,72267,사우스캐롤라이나,8
47259,5,정효종,1050,6,박지훈,Yes,주문문의,3,아스트로뷰 가상현실 헤드셋,소셜미디어,Yes,이슈 해결,중립적,12-16-2023 13:13,12-16-2023 13:23,58016,텍사스,10
47294,4,배은희,1014,4,박지훈,Yes,계정 관리,1,오르빗핏 피트니스 트래커,이메일,No,이슈 해결,중립적,12-07-2023 14:34,12-07-2023 14:43,23614,유타,10
47434,1,이지현,1021,6,장예진,Yes,결제,0,루나 라운지 스웨트팬츠,소셜미디어,Yes,팔로업 필요,부정적,12-11-2023 00:50,12-11-2023 01:05,91591,뉴멕시코,2
47439,4,구재춘,1020,2,김민준,Yes,계정 관리,3,성운 니트 스웨터,소셜미디어,Yes,이슈 해결,긍정적,12-02-2023 06:24,12-02-2023 06:43,84310,콜로라도,10
47823,5,김으뜸,1006,2,이서윤,Yes,계정 관리,3,위즈기즈모 에어 프라이어,전화,No,담당부서 연결,중립적,12-04-2023 11:36,12-04-2023 11:42,3196,미시시피,2
48869,1,신동훈,1028,1,신일우,No,결제,1,혜성 캐주얼 티셔츠,채팅,No,이슈 해결,부정적,12-12-2023 01:49,12-12-2023 02:08,19263,루이지애나,7
49398,1,이진형,1027,2,김민준,Yes,주문문의,0,메테오 메쉬 운동복 상의,전화,Yes,담당부서 연결,중립적,12-06-2023 08:14,12-06-2023 08:21,47467,알라바마,8
50656,1,박전두,1049,6,박지훈,No,결제,2,아스트로클린 퀀텀 진공청소기,전화,Yes,팔로업 필요,긍정적,12-16-2023 00:44,12-16-2023 01:04,46531,사우스다코타,5
50971,3,박전두,1049,7,박지훈,No,결제,1,별로 가는 후디,전화,Yes,이슈 해결,중립적,12-09-2023 02:23,12-09-2023 02:32,79721,유타,9
51009,3,김유진,1037,9,김민준,No,결제,2,아스트로뷰 가상현실 헤드셋,전화,No,이슈 해결,중립적,12-01-2023 17:53,12-01-2023 18:04,83507,알라바마,2
51044,5,강문석,1013,1,김민준,No,주문문의,2,옴니차지 태양광 발전기,전화,Yes,이슈 해결,중립적,12-05-2023 17:28,12-05-2023 17:33,86060,알래스카,4
51049,3,이상엽,1003,3,이서윤,Yes,계정 관리,0,옴니차지 태양광 발전기,채팅,Yes,담당부서 연결,긍정적,12-16-2023 19:39,12-16-2023 19:51,89946,미시시피,9
51490,1,박전두,1049,2,장예진,Yes,결제,3,오르빗핏 피트니스 트래커,전화,No,팔로업 필요,부정적,12-18-2023 23:56,12-19-2023 00:23,5884,오레곤,3
51509,4,허서현,1026,1,박지훈,Yes,계정 관리,1,플렉스핏 스마트워치,채팅,Yes,팔로업 필요,중립적,12-11-2023 19:59,12-11-2023 20:21,22836,위스콘신,1
51531,3,김지현,1030,1,박지훈,No,결제,0,이클립스 데일리 청바지,전화,No,팔로업 필요,긍정적,12-06-2023 15:39,12-06-2023 15:57,86801,와이오밍,4
51540,3,이지현,1021,6,박지훈,No,결제,1,별로 가는 후디,소셜미디어,Yes,이슈 해결,중립적,12-15-2023 10:32,12-15-2023 10:46,31106,웨스트버진아,10
51679,1,김택주,1007,8,신일우,Yes,결제,1,플렉스핏 스마트워치,전화,Yes,담당부서 연결,긍정적,12-12-2023 08:30,12-12-2023 08:49,70202,켄터키,2
51904,4,안현준,1033,1,장예진,Yes,결제,3,아스트로클린 퀀텀 진공청소기,소셜미디어,Yes,담당부서 연결,부정적,12-09-2023 15:34,12-09-2023 15:48,74613,오클라호마,3
52329,5,곽지운,1034,1,박지훈,Yes,주문문의,1,솔라 플레어 데님 재킷,전화,Yes,이슈 해결,중립적,12-02-2023 11:04,12-02-2023 11:21,23634,워싱턴,6
52616,2,최지연,1017,8,장예진,Yes,결제,3,스파크플라이 드론 X10,이메일,Yes,팔로업 필요,긍정적,12-06-2023 21:00,12-06-2023 21:09,77515,펜실베이니아,6
52972,5,이동협,1045,3,김민준,No,주문문의,2,퀀텀쿡 정밀 오븐,전화,No,팔로업 필요,부정적,12-05-2023 11:52,12-05-2023 12:10,37470,플로리다,8
53109,5,장은형,1047,10,박지훈,No,계정 관리,3,우주의 속삭임: 시공간 여행,전화,No,팔로업 필요,부정적,12-19-2023 09:43,12-19-2023 09:49,980,사우스다코타,2
53367,1,구재춘,1020,9,이서윤,No,계정 관리,3,스타라이트 스팽글 드레스,채팅,Yes,담당부서 연결,부정적,12-02-2023 22:28,12-02-2023 22:47,28142,매사추세츠,8
54240,4,강진규,1029,10,장예진,No,주문문의,2,소닉붐 블루투스 스피커,전화,No,담당부서 연결,부정적,12-06-2023 03:19,12-06-2023 03:44,85504,오클라호마,6
54303,3,임영넷,1004,10,장예진,No,주문문의,0,에스프레소 디럭스 머신,이메일,Yes,이슈 해결,긍정적,12-04-2023 01:09,12-04-2023 01:38,80753,뉴욕,1
54805,3,고수연,1044,6,장예진,No,결제,1,데님 재킷,이메일,Yes,팔로업 필요,긍정적,12-10-2023 17:45,12-10-2023 17:53,99771,로드아일랜드,4
54839,3,구재춘,1020,8,박지훈,No,주문문의,2,위즈기즈모 에어 프라이어,이메일,No,담당부서 연결,긍정적,12-06-2023 01:13,12-06-2023 01:36,58508,테네시,1
55043,1,이건우,1023,5,신일우,No,계정 관리,3,플렉스핏 스마트워치,소셜미디어,No,팔로업 필요,긍정적,12-15-2023 11:11,12-15-2023 11:31,64751,아이오와,6
55077,4,신동훈,1028,8,박지훈,Yes,계정 관리,0,별로의 여정: 우주 오디세이,소셜미디어,Yes,담당부서 연결,긍정적,12-16-2023 11:06,12-16-2023 11:36,8583,텍사스,7
55081,4,정성우,1016,5,김민준,No,결제,0,아스트로클린 퀀텀 진공청소기,채팅,Yes,팔로업 필요,긍정적,12-19-2023 04:29,12-19-2023 04:51,32055,커네티컷,3
55093,5,이창규,1010,7,박지훈,Yes,주문문의,2,알 수 없는 제품,소셜미디어,Yes,팔로업 필요,부정적,12-10-2023 04:07,12-10-2023 04:37,4082,유타,5
55243,2,고수연,1044,2,박지훈,Yes,결제,0,스파크플라이 드론 X10,전화,Yes,이슈 해결,부정적,12-19-2023 01:14,12-19-2023 01:38,2331,와이오밍,3
55337,1,이동협,1045,9,장예진,Yes,계정 관리,0,우주의 속삭임: 시공간 여행,이메일,Yes,이슈 해결,중립적,12-15-2023 01:45,12-15-2023 02:15,71740,로드아일랜드,10
55344,1,김택주,1007,10,신일우,No,계정 관리,2,성운 니트 스웨터,이메일,No,이슈 해결,중립적,12-02-2023 05:42,12-02-2023 05:54,33005,켄터키,2
55792,2,강문석,1013,4,박지훈,Yes,계정 관리,3,데님 재킷,전화,No,담당부서 연결,중립적,12-17-2023 14:47,12-17-2023 14:58,80397,버지니아,8
55923,1,김재오,1032,10,장예진,Yes,결제,0,라이트스크라이브 3D 프린터,이메일,No,담당부서 연결,중립적,12-03-2023 09:52,12-03-2023 09:58,35420,오하이오,4
55940,4,이건우,1023,4,장예진,No,계정 관리,1,소닉붐 블루투스 스피커,채팅,Yes,팔로업 필요,긍정적,12-04-2023 17:54,12-04-2023 18:11,79976,오레곤,5
55963,5,이준수,1011,7,김민준,No,계정 관리,2,위즈기즈모 블루투스 헤드폰,전화,Yes,팔로업 필요,부정적,12-09-2023 23:33,12-09-2023 23:46,14143,아리조나,6
56058,3,정경후,1009,4,신일우,No,주문문의,2,웨이브라이더 호버보드,채팅,Yes,이슈 해결,중립적,12-08-2023 22:44,12-08-2023 23:11,79950,하와이,1
56177,3,김평식,1031,3,신일우,Yes,결제,3,위즈기즈모 블루투스 헤드폰,채팅,Yes,이슈 해결,중립적,12-09-2023 10:53,12-09-2023 11:19,84931,켄터키,8
56369,5,안현준,1033,7,장예진,Yes,계정 관리,1,스파크플라이 드론 X10,이메일,No,이슈 해결,중립적,12-03-2023 09:19,12-03-2023 09:28,75809,노스캐롤라이나,9
56457,5,김평식,1031,7,장예진,No,주문문의,2,써모스타 스마트 온도조절기,이메일,No,이슈 해결,긍정적,12-11-2023 08:21,12-11-2023 08:30,74063,로드아일랜드,1
56509,1,강진규,1029,5,이서윤,No,계정 관리,2,핸드 헬드 건식 진공청소기,전화,No,이슈 해결,부정적,12-05-2023 12:21,12-05-2023 12:50,27272,미주리,7
56529,5,허서현,1026,2,김민준,No,결제,3,플렉스핏 스마트워치,소셜미디어,Yes,팔로업 필요,부정적,12-13-2023 01:38,12-13-2023 02:00,54555,콜로라도,3
56739,2,최지연,1017,4,신일우,No,주문문의,2,루미나 태양광 램프,소셜미디어,No,팔로업 필요,부정적,12-14-2023 05:46,12-14-2023 06:03,36679,일리노이,4
56942,3,정경후,1009,6,장예진,Yes,주문문의,2,별로 가는 후디,이메일,No,담당부서 연결,중립적,12-11-2023 16:29,12-11-2023 16:47,23981,오클라호마,4
57043,3,신동훈,1028,3,이서윤,Yes,계정 관리,2,크리스탈클리어 정수기,소셜미디어,Yes,팔로업 필요,부정적,12-17-2023 19:17,12-17-2023 19:38,41398,뉴저지,1
57342,4,이지현,1021,8,이서윤,No,결제,1,소행성 커피 메이커,소셜미디어,Yes,팔로업 필요,긍정적,12-19-2023 03:13,12-19-2023 03:35,86184,미시간,3
57811,1,김종문,1038,10,장예진,Yes,계정 관리,3,솔라브리즈 휴대용 충전기,소셜미디어,No,담당부서 연결,중립적,12-16-2023 18:48,12-16-2023 18:58,7072,뉴욕,10
58088,5,김형주,1019,6,신일우,No,주문문의,3,혜성 캐주얼 티셔츠,전화,No,담당부서 연결,긍정적,12-08-2023 01:31,12-08-2023 01:56,41057,일리노이,9
58493,3,강진규,1029,10,김민준,Yes,주문문의,3,퀀텀 수수께끼: 현실의 해명,이메일,No,팔로업 필요,중립적,12-04-2023 19:42,12-04-2023 20:06,83695,플로리다,1
58555,2,유수현,1039,3,장예진,No,계정 관리,2,천체 시크 블라우스,채팅,Yes,담당부서 연결,긍정적,12-02-2023 20:01,12-02-2023 20:27,51909,뉴멕시코,6
59015,3,박전두,1049,1,신일우,No,결제,0,별로의 여정: 우주 오디세이,전화,Yes,팔로업 필요,부정적,12-15-2023 07:42,12-15-2023 08:11,70861,일리노이,3
59097,4,김지현,1030,4,이서윤,Yes,계정 관리,1,이클립스 데일리 청바지,소셜미디어,Yes,담당부서 연결,긍정적,12-15-2023 07:15,12-15-2023 07:29,57929,매사추세츠,10
59476,5,박마리,1018,7,이서윤,No,주문문의,2,소행성 커피 메이커,이메일,Yes,담당부서 연결,중립적,12-07-2023 20:01,12-07-2023 20:15,62173,네브래스카,4
59582,5,이경민,1040,6,김민준,Yes,주문문의,3,소행성 커피 메이커,이메일,No,담당부서 연결,중립적,12-15-2023 20:36,12-15-2023 20:51,97690,알래스카,6
60022,3,박로미,1043,2,이서윤,No,주문문의,0,성운 니트 스웨터,전화,Yes,팔로업 필요,부정적,12-14-2023 18:41,12-14-2023 19:07,95173,뉴저지,1
60145,1,김민규,1041,2,박지훈,Yes,결제,0,우주의 속삭임: 시공간 여행,채팅,Yes,이슈 해결,부정적,12-10-2023 21:45,12-10-2023 22:13,74255,유타,4
60188,5,김유진,1037,10,신일우,No,결제,1,소닉붐 블루투스 스피커,소셜미디어,Yes,담당부서 연결,중립적,12-17-2023 10:48,12-17-2023 11:09,5794,메인,1
60227,5,김민규,1041,7,박지훈,No,주문문의,3,노바플레어 LED 프로젝터,채팅,Yes,담당부서 연결,부정적,12-11-2023 20:11,12-11-2023 20:16,53946,워싱턴,7
61469,2,김으뜸,1006,10,장예진,Yes,주문문의,3,테라폼 스마트 정원 시스템,채팅,No,팔로업 필요,중립적,12-08-2023 08:57,12-08-2023 09:06,30971,오레곤,5
61551,3,강문석,1013,6,박지훈,No,계정 관리,3,알 수 없는 제품,채팅,Yes,담당부서 연결,중립적,12-06-2023 05:07,12-06-2023 05:31,46807,웨스트버진아,3
61820,2,이건우,1023,1,김민준,Yes,주문문의,3,갤럭시가드 스마트 홈 시스템,전화,Yes,이슈 해결,부정적,12-15-2023 18:56,12-15-2023 19:07,43004,알라바마,7
62222,1,안세준,1035,3,장예진,No,결제,2,스파크플라이 드론 X10,소셜미디어,Yes,팔로업 필요,긍정적,12-13-2023 23:41,12-13-2023 23:50,35151,노스다코타,1
62397,2,이광수,1008,8,신일우,Yes,주문문의,3,스타라이트 스팽글 드레스,전화,Yes,팔로업 필요,긍정적,12-16-2023 14:49,12-16-2023 15:08,54565,아이오와,10
62496,3,이창규,1010,10,이서윤,Yes,계정 관리,0,스파크플라이 드론 X10,소셜미디어,Yes,이슈 해결,부정적,12-12-2023 05:15,12-12-2023 05:22,36066,미시시피,4
62771,4,권요한,1042,4,장예진,Yes,주문문의,2,메테오 메쉬 운동복 상의,전화,Yes,담당부서 연결,긍정적,12-04-2023 21:55,12-04-2023 22:19,35557,로드아일랜드,8
62892,4,정효종,1050,10,장예진,No,계정 관리,1,팬텀 스텔스 보안 카메라,전화,Yes,팔로업 필요,중립적,12-01-2023 00:18,12-01-2023 00:29,15126,뉴멕시코,9
62894,2,고수연,1044,6,박지훈,No,결제,2,아스트로뷰 가상현실 헤드셋,채팅,No,이슈 해결,중립적,12-12-2023 15:46,12-12-2023 16:08,83994,유타,4
63000,4,홍성규,1001,2,김민준,No,결제,0,플렉스핏 스마트워치,이메일,No,이슈 해결,부정적,12-05-2023 20:02,12-05-2023 20:25,3090,아리조나,3
63108,5,이경민,1040,6,이서윤,No,주문문의,3,퀀텀 수수께끼: 현실의 해명,이메일,Yes,담당부서 연결,부정적,12-13-2023 16:32,12-13-2023 16:49,82028,네바다,8
63294,4,윤광민,1012,10,이서윤,No,주문문의,3,별로의 여정: 우주 오디세이,소셜미디어,Yes,이슈 해결,중립적,12-16-2023 07:47,12-16-2023 08:06,20573,매사추세츠,2
63305,4,장은형,1047,3,이서윤,No,결제,0,소닉펄스 무선 스피커,이메일,No,이슈 해결,부정적,12-01-2023 18:01,12-01-2023 18:21,98444,미네소타,8
63363,5,정성우,1016,7,신일우,No,결제,1,아스트로클린 퀀텀 진공청소기,이메일,Yes,팔로업 필요,중립적,12-03-2023 03:51,12-03-2023 04:13,50703,인디애나,3
64146,1,허서현,1026,4,신일우,Yes,결제,0,팬텀 스텔스 보안 카메라,채팅,Yes,이슈 해결,부정적,12-06-2023 15:44,12-06-2023 15:58,82707,메인,10
64338,1,신동훈,1028,3,신일우,Yes,주문문의,3,알 수 없는 제품,전화,Yes,담당부서 연결,중립적,12-05-2023 12:00,12-05-2023 12:09,57352,아이오와,7
64571,5,안현준,1033,9,이서윤,Yes,주문문의,2,루나 라운지 스웨트팬츠,소셜미디어,Yes,담당부서 연결,긍정적,12-02-2023 20:56,12-02-2023 21:11,60592,미시간,4
64603,3,최우영,1022,6,박지훈,No,계정 관리,3,성운 야간 투시 쌍안경,채팅,No,담당부서 연결,긍정적,12-18-2023 05:34,12-18-2023 05:48,15949,버지니아,10
64636,2,고수연,1044,2,이서윤,No,주문문의,1,갤럭시가드 스마트 홈 시스템,소셜미디어,No,팔로업 필요,긍정적,12-02-2023 07:20,12-02-2023 07:38,96051,미시간,2
64656,4,김유진,1037,3,박지훈,Yes,계정 관리,1,데님 재킷,이메일,Yes,팔로업 필요,중립적,12-16-2023 23:02,12-16-2023 23:08,76014,버몬트,9
64687,5,김유진,1037,5,박지훈,Yes,주문문의,0,성운 니트 스웨터,전화,Yes,담당부서 연결,중립적,12-08-2023 08:49,12-08-2023 09:16,28226,텍사스,9
65254,5,이창규,1010,10,신일우,No,결제,0,오르빗핏 피트니스 트래커,채팅,Yes,이슈 해결,부정적,12-11-2023 23:31,12-11-2023 23:42,39110,메릴랜드,3
65988,3,정성우,1016,2,김민준,Yes,계정 관리,1,소닉펄스 무선 스피커,이메일,Yes,담당부서 연결,부정적,12-16-2023 01:34,12-16-2023 01:49,28115,아리조나,8
66067,4,김택주,1007,3,이서윤,Yes,결제,3,플렉스핏 스마트워치,이메일,Yes,이슈 해결,긍정적,12-19-2023 05:07,12-19-2023 05:37,74421,뉴저지,9
66920,1,박전두,1049,2,김민준,Yes,주문문의,1,퀀텀 수수께끼: 현실의 해명,채팅,Yes,담당부서 연결,중립적,12-11-2023 06:48,12-11-2023 07:04,25233,아리조나,9
67569,5,김재오,1032,2,이서윤,Yes,계정 관리,2,스텔라뷰 퀀텀 LED TV,채팅,No,담당부서 연결,긍정적,12-14-2023 11:16,12-14-2023 11:37,17466,매사추세츠,8
68003,2,김형주,1019,5,장예진,Yes,결제,2,혜성 캐주얼 티셔츠,이메일,No,이슈 해결,부정적,12-12-2023 07:43,12-12-2023 08:13,34402,펜실베이니아,10
68061,1,박영주,1002,7,신일우,No,주문문의,0,루나 라운지 스웨트팬츠,전화,No,담당부서 연결,긍정적,12-12-2023 17:23,12-12-2023 17:41,51412,캔자스,1
68470,4,신동훈,1028,7,신일우,No,결제,2,소행성 커피 메이커,소셜미디어,No,이슈 해결,부정적,12-13-2023 21:51,12-13-2023 21:58,56647,루이지애나,9
68520,5,김으뜸,1006,9,신일우,Yes,계정 관리,2,위즈기즈모 블루투스 헤드폰,전화,No,이슈 해결,중립적,12-04-2023 11:18,12-04-2023 11:37,90356,메인,9
68886,5,강진규,1029,7,신일우,No,주문문의,0,소닉붐 블루투스 스피커,소셜미디어,No,이슈 해결,긍정적,12-18-2023 01:04,12-18-2023 01:19,55166,아이다호,7
68985,5,최우영,1022,8,김민준,No,주문문의,3,스타라이트 스팽글 드레스,전화,Yes,이슈 해결,중립적,12-05-2023 16:52,12-05-2023 17:05,41563,캘리포니아,3
69846,4,이광수,1008,9,김민준,Yes,주문문의,0,메테오 메쉬 운동복 상의,소셜미디어,Yes,이슈 해결,부정적,12-06-2023 14:33,12-06-2023 15:00,3896,알래스카,9
69975,2,정경후,1009,5,장예진,No,계정 관리,1,오르빗핏 피트니스 트래커,소셜미디어,No,담당부서 연결,중립적,12-02-2023 21:08,12-02-2023 21:30,90302,뉴욕,6
70172,5,이준수,1011,2,박지훈,Yes,주문문의,1,오로라 운동용 반바지,채팅,No,이슈 해결,긍정적,12-09-2023 15:28,12-09-2023 15:57,8491,버지니아,1
70284,3,이수만,1025,7,이서윤,Yes,주문문의,3,플렉스핏 스마트워치,전화,Yes,담당부서 연결,긍정적,12-12-2023 20:31,12-12-2023 20:46,75392,네브래스카,7
70451,3,유수현,1039,7,이서윤,No,결제,2,플렉스핏 스마트워치,전화,Yes,팔로업 필요,긍정적,12-06-2023 09:05,12-06-2023 09:11,653,몬타나,7
70519,4,최지연,1017,1,이서윤,Yes,결제,0,위즈기즈모 에어 프라이어,이메일,Yes,담당부서 연결,중립적,12-02-2023 16:31,12-02-2023 16:54,46606,미시간,7
70622,1,정효종,1050,9,장예진,No,주문문의,1,데님 재킷,전화,Yes,이슈 해결,중립적,12-18-2023 02:18,12-18-2023 02:44,56684,펜실베이니아,7
70929,5,김재오,1032,5,장예진,No,계정 관리,3,아스트로클린 퀀텀 진공청소기,채팅,No,이슈 해결,긍정적,12-08-2023 06:49,12-08-2023 07:11,73976,뉴욕,10
71159,4,이동협,1045,1,장예진,No,결제,3,아스트로클린 퀀텀 진공청소기,전화,Yes,이슈 해결,부정적,12-07-2023 16:47,12-07-2023 17:12,6377,사우스캐롤라이나,6
71828,5,파비앙,1015,2,신일우,Yes,결제,3,솔라 플레어 데님 재킷,이메일,Yes,담당부서 연결,중립적,12-05-2023 11:31,12-05-2023 12:01,46739,루이지애나,7
71866,2,김지현,1030,3,장예진,Yes,계정 관리,1,갤럭시가드 스마트 홈 시스템,소셜미디어,No,이슈 해결,긍정적,12-05-2023 12:57,12-05-2023 13:03,79824,노스캐롤라이나,5
72038,5,홍성규,1001,7,신일우,Yes,결제,2,오로라 운동용 반바지,소셜미디어,No,팔로업 필요,중립적,12-04-2023 08:46,12-04-2023 09:12,40523,아이다호,2
72423,3,고수연,1044,7,장예진,Yes,주문문의,1,갤럭시 글램 이브닝 가운,전화,No,팔로업 필요,중립적,12-02-2023 08:49,12-02-2023 08:59,93407,펜실베이니아,1
72524,4,김지현,1030,1,박지훈,No,계정 관리,3,성운 야간 투시 쌍안경,채팅,No,이슈 해결,중립적,12-03-2023 03:34,12-03-2023 03:59,81895,유타,2
73566,4,파비앙,1015,3,이서윤,Yes,주문문의,0,크리스탈클리어 정수기,소셜미디어,Yes,담당부서 연결,긍정적,12-02-2023 01:47,12-02-2023 01:59,31739,미주리,9
73775,4,안현준,1033,1,신일우,Yes,계정 관리,2,솔라 플레어 데님 재킷,채팅,No,팔로업 필요,중립적,12-05-2023 12:05,12-05-2023 12:11,59977,켄터키,5
73923,4,최우영,1022,9,신일우,No,계정 관리,2,스텔라쿡 정밀 압력 밥솥,소셜미디어,Yes,이슈 해결,부정적,12-09-2023 17:41,12-09-2023 17:58,55208,하와이,2
73957,5,최우영,1022,2,박지훈,Yes,주문문의,0,알 수 없는 제품,소셜미디어,Yes,팔로업 필요,부정적,12-15-2023 11:36,12-15-2023 11:58,15380,와이오밍,5
74185,2,정준현,1046,3,신일우,Yes,계정 관리,3,크리스탈클리어 정수기,소셜미디어,Yes,담당부서 연결,부정적,12-01-2023 20:26,12-01-2023 20:47,16028,조지아,10
74206,2,정준현,1046,10,신일우,Yes,계정 관리,3,천체 시크 블라우스,이메일,No,팔로업 필요,긍정적,12-12-2023 14:32,12-12-2023 14:45,96499,아이오와,3
74550,5,파비앙,1015,8,김민준,No,계정 관리,1,써모스타 스마트 온도조절기,이메일,No,이슈 해결,중립적,12-16-2023 15:41,12-16-2023 16:04,96363,플로리다,2
75268,4,강진규,1029,5,박지훈,Yes,주문문의,3,메테오 메쉬 운동복 상의,이메일,No,팔로업 필요,부정적,12-12-2023 16:30,12-12-2023 16:42,5957,사우스다코타,4
75295,4,홍성규,1001,5,김민준,Yes,결제,2,스타라이트 스팽글 드레스,소셜미디어,No,팔로업 필요,중립적,12-03-2023 01:02,12-03-2023 01:16,89193,알라바마,5
75521,4,김지현,1030,5,장예진,No,결제,3,스텔라쿡 정밀 압력 밥솥,전화,Yes,이슈 해결,중립적,12-16-2023 10:26,12-16-2023 10:56,13705,노스캐롤라이나,7
75530,2,정효종,1050,10,이서윤,Yes,계정 관리,1,이클립스 데일리 청바지,이메일,No,담당부서 연결,부정적,12-13-2023 15:45,12-13-2023 15:52,34729,매사추세츠,10
75646,5,이상엽,1003,5,이서윤,Yes,결제,0,메테오 메쉬 운동복 상의,소셜미디어,Yes,팔로업 필요,중립적,12-08-2023 13:18,12-08-2023 13:25,44823,미네소타,2
75813,4,신동훈,1028,8,이서윤,Yes,계정 관리,1,옴니차지 태양광 발전기,채팅,Yes,담당부서 연결,중립적,12-10-2023 03:29,12-10-2023 03:49,81018,미시시피,5
75906,1,홍성규,1001,4,김민준,Yes,계정 관리,2,천체 슬로우 쿠커,이메일,Yes,팔로업 필요,중립적,12-04-2023 22:52,12-04-2023 23:03,56127,알래스카,6
76181,3,안현준,1033,1,이서윤,No,계정 관리,2,아스트로뷰 가상현실 헤드셋,채팅,Yes,이슈 해결,중립적,12-15-2023 11:37,12-15-2023 12:00,33182,미주리,7
76185,2,김지현,1030,4,김민준,No,결제,3,별로의 여정: 우주 오디세이,이메일,Yes,이슈 해결,중립적,12-10-2023 14:24,12-10-2023 14:53,35467,알래스카,5
76515,4,권요한,1042,9,김민준,No,계정 관리,3,퀀텀쿡 정밀 오븐,이메일,Yes,이슈 해결,중립적,12-09-2023 22:49,12-09-2023 23:13,10990,플로리다,10
76827,3,김택주,1007,7,박지훈,Yes,계정 관리,1,루미나 태양광 램프,소셜미디어,Yes,이슈 해결,긍정적,12-13-2023 15:43,12-13-2023 15:58,17215,테네시,4
77120,2,강진규,1029,8,이서윤,No,주문문의,1,에스프레소 디럭스 머신,전화,No,담당부서 연결,중립적,12-05-2023 10:56,12-05-2023 11:22,23412,몬타나,4
77268,5,강문석,1013,3,장예진,No,결제,1,에스프레소 디럭스 머신,전화,No,팔로업 필요,중립적,12-10-2023 14:33,12-10-2023 14:49,36460,뉴멕시코,7
77770,2,윤광민,1012,9,박지훈,Yes,계정 관리,2,루미나 태양광 램프,이메일,Yes,팔로업 필요,부정적,12-13-2023 11:14,12-13-2023 11:19,86975,버지니아,2
77909,2,구재춘,1020,1,신일우,Yes,결제,1,루미나 태양광 램프,채팅,No,이슈 해결,중립적,12-15-2023 21:00,12-15-2023 21:06,1041,인디애나,5
78281,1,정준현,1046,4,장예진,Yes,계정 관리,1,에스프레소 디럭스 머신,소셜미디어,No,담당부서 연결,긍정적,12-18-2023 19:52,12-18-2023 20:20,82664,오하이오,6
78402,2,박영주,1002,6,박지훈,Yes,결제,1,알 수 없는 제품,전화,No,담당부서 연결,중립적,12-04-2023 14:06,12-04-2023 14:26,69736,웨스트버진아,1
78473,5,이상엽,1003,4,신일우,Yes,결제,2,에스프레소 디럭스 머신,채팅,No,이슈 해결,긍정적,12-05-2023 16:28,12-05-2023 16:51,81063,아이다호,8
78669,1,김유진,1037,6,박지훈,No,계정 관리,3,갤럭시가드 스마트 홈 시스템,이메일,No,담당부서 연결,긍정적,12-12-2023 11:59,12-12-2023 12:07,6174,사우스다코타,9
78834,2,파비앙,1015,5,이서윤,No,주문문의,1,퀀텀 수수께끼: 현실의 해명,전화,Yes,팔로업 필요,부정적,12-09-2023 02:35,12-09-2023 02:42,50133,네바다,8
78889,5,유수현,1039,7,김민준,Yes,계정 관리,2,아스트로클린 퀀텀 진공청소기,소셜미디어,Yes,담당부서 연결,중립적,12-17-2023 23:24,12-17-2023 23:32,70737,캘리포니아,3
79268,4,박로미,1043,1,박지훈,No,결제,2,소행성 커피 메이커,소셜미디어,No,담당부서 연결,중립적,12-18-2023 08:31,12-18-2023 08:36,64476,유타,7
79559,5,임영넷,1004,8,김민준,No,계정 관리,2,우주의 속삭임: 시공간 여행,채팅,No,팔로업 필요,중립적,12-17-2023 02:35,12-17-2023 02:54,70302,커네티컷,5
80290,2,정성우,1016,6,이서윤,No,계정 관리,0,이클립스 데일리 청바지,전화,Yes,담당부서 연결,중립적,12-09-2023 08:17,12-09-2023 08:35,19581,뉴저지,8
80449,4,홍성규,1001,10,김민준,Yes,결제,3,솔라 플레어 데님 재킷,이메일,Yes,담당부서 연결,부정적,12-01-2023 08:25,12-01-2023 08:30,91881,콜로라도,6
81261,1,이건우,1023,1,박지훈,No,계정 관리,1,메테오 메쉬 운동복 상의,소셜미디어,No,담당부서 연결,중립적,12-04-2023 07:40,12-04-2023 07:49,66049,웨스트버진아,5
81994,5,김평식,1031,6,김민준,Yes,주문문의,3,성운 니트 스웨터,소셜미디어,No,이슈 해결,중립적,12-11-2023 00:08,12-11-2023 00:34,11915,캘리포니아,3
82119,4,이경민,1040,2,신일우,No,주문문의,2,솔라 플레어 데님 재킷,소셜미디어,No,이슈 해결,중립적,12-15-2023 09:35,12-15-2023 09:40,77667,메인,8
82322,2,김지현,1030,8,김민준,Yes,주문문의,0,성운 니트 스웨터,채팅,Yes,담당부서 연결,중립적,12-07-2023 16:11,12-07-2023 16:33,34132,알래스카,5
82641,1,김형주,1019,7,장예진,No,주문문의,3,스파크플라이 드론 X10,전화,Yes,팔로업 필요,부정적,12-10-2023 15:38,12-10-2023 15:58,8694,노스다코타,7
83636,2,김지현,1030,8,이서윤,No,계정 관리,0,이클립스 데일리 청바지,전화,Yes,팔로업 필요,부정적,12-06-2023 14:19,12-06-2023 14:39,27713,네바다,10
84049,2,이상엽,1003,7,장예진,Yes,주문문의,0,팬텀 스텔스 보안 카메라,채팅,Yes,이슈 해결,부정적,12-15-2023 07:37,12-15-2023 08:04,15489,뉴멕시코,10
84057,3,김형주,1019,7,박지훈,Yes,주문문의,2,데님 재킷,소셜미디어,No,이슈 해결,긍정적,12-16-2023 22:34,12-16-2023 22:48,30698,텍사스,4
84361,5,김택주,1007,4,이서윤,Yes,계정 관리,2,스텔라쿡 정밀 압력 밥솥,이메일,No,팔로업 필요,긍정적,12-16-2023 17:27,12-16-2023 17:40,17666,네바다,7
84428,1,안현준,1033,4,이서윤,No,결제,1,알 수 없는 제품,소셜미디어,Yes,팔로업 필요,부정적,12-07-2023 03:09,12-07-2023 03:25,66864,네브래스카,2
84673,4,강진규,1029,10,김민준,Yes,계정 관리,0,퀀텀쿡 정밀 오븐,전화,No,담당부서 연결,부정적,12-18-2023 11:48,12-18-2023 12:11,92703,아칸소,3
84815,2,이연,1048,2,장예진,Yes,주문문의,2,아스트로뷰 가상현실 헤드셋,소셜미디어,No,이슈 해결,부정적,12-16-2023 00:25,12-16-2023 00:33,78090,오하이오,8
84898,1,임영넷,1004,6,김민준,Yes,결제,0,옴니차지 태양광 발전기,전화,No,팔로업 필요,부정적,12-04-2023 07:55,12-04-2023 08:04,57244,캘리포니아,3
85767,1,강문석,1013,5,신일우,No,주문문의,0,이클립스 데일리 청바지,소셜미디어,Yes,팔로업 필요,긍정적,12-17-2023 06:39,12-17-2023 07:07,49814,아이오와,8
86153,2,구재춘,1020,9,신일우,No,주문문의,3,아스트로뷰 가상현실 헤드셋,채팅,No,팔로업 필요,중립적,12-15-2023 17:31,12-15-2023 17:57,52916,아이오와,3
86277,5,이건우,1023,8,이서윤,Yes,결제,0,갤럭시 글램 이브닝 가운,소셜미디어,No,담당부서 연결,긍정적,12-18-2023 16:05,12-18-2023 16:28,26133,미시간,10
86992,5,파비앙,1015,3,장예진,Yes,주문문의,3,데님 재킷,전화,Yes,담당부서 연결,중립적,12-14-2023 22:41,12-14-2023 23:03,37277,오레곤,8
87274,5,허서현,1026,5,박지훈,Yes,주문문의,0,솔라브리즈 휴대용 충전기,소셜미디어,Yes,이슈 해결,긍정적,12-11-2023 03:26,12-11-2023 03:32,94796,와이오밍,4
87558,2,홍성규,1001,8,김민준,No,계정 관리,2,퀀텀쿡 정밀 오븐,전화,Yes,팔로업 필요,중립적,12-06-2023 06:41,12-06-2023 07:02,25558,아리조나,9
87998,3,정효종,1050,2,김민준,Yes,주문문의,1,오로라 운동용 반바지,채팅,Yes,이슈 해결,부정적,12-01-2023 12:12,12-01-2023 12:27,11455,알래스카,3
88051,1,정경후,1009,10,박지훈,Yes,주문문의,1,노바플레어 LED 프로젝터,채팅,No,팔로업 필요,긍정적,12-03-2023 09:05,12-03-2023 09:10,51508,버지니아,7
88110,3,안세준,1035,1,김민준,Yes,결제,2,핸드 헬드 건식 진공청소기,채팅,No,이슈 해결,부정적,12-02-2023 07:12,12-02-2023 07:25,7150,캘리포니아,3
88384,5,최우영,1022,5,이서윤,Yes,계정 관리,0,에스프레소 디럭스 머신,전화,No,팔로업 필요,긍정적,12-05-2023 00:24,12-05-2023 00:44,37283,미시간,5
88425,4,이동협,1045,2,신일우,Yes,계정 관리,0,스타라이트 스팽글 드레스,이메일,Yes,담당부서 연결,중립적,12-01-2023 18:18,12-01-2023 18:39,39010,아이오와,8
88881,5,파비앙,1015,10,박지훈,No,주문문의,2,솔라브리즈 휴대용 충전기,채팅,No,이슈 해결,중립적,12-02-2023 09:06,12-02-2023 09:24,97206,버지니아,7
88983,5,이광수,1008,8,이서윤,Yes,결제,3,크리스탈클리어 정수기,채팅,Yes,담당부서 연결,중립적,12-12-2023 10:14,12-12-2023 10:25,17163,뉴저지,2
89088,2,정경후,1009,1,김민준,No,결제,1,갤럭시가드 스마트 홈 시스템,이메일,No,팔로업 필요,중립적,12-01-2023 12:55,12-01-2023 13:18,47322,알래스카,9
89099,1,이동협,1045,5,김민준,Yes,계정 관리,2,알 수 없는 제품,이메일,No,이슈 해결,중립적,12-09-2023 12:28,12-09-2023 12:47,66487,아리조나,4
89351,5,이상엽,1003,9,김민준,Yes,결제,2,오르빗핏 피트니스 트래커,채팅,No,이슈 해결,긍정적,12-07-2023 21:58,12-07-2023 22:12,92556,알라바마,5
89392,4,김택주,1007,8,장예진,No,결제,1,스텔라뷰 퀀텀 LED TV,소셜미디어,No,팔로업 필요,부정적,12-08-2023 20:54,12-08-2023 21:13,48459,노스캐롤라이나,3
89690,5,장은형,1047,4,박지훈,No,주문문의,2,혜성 캐주얼 티셔츠,이메일,Yes,담당부서 연결,중립적,12-16-2023 17:05,12-16-2023 17:14,12397,웨스트버진아,6
90148,1,강진규,1029,7,이서윤,No,주문문의,1,천체 시크 블라우스,전화,No,팔로업 필요,긍정적,12-07-2023 16:17,12-07-2023 16:36,57454,미시간,4
90272,2,신동훈,1028,2,장예진,No,계정 관리,0,핸드 헬드 건식 진공청소기,소셜미디어,Yes,팔로업 필요,중립적,12-05-2023 04:59,12-05-2023 05:04,96622,오레곤,6
90552,3,정경후,1009,9,박지훈,Yes,주문문의,0,웨이브라이더 호버보드,소셜미디어,No,담당부서 연결,중립적,12-15-2023 15:37,12-15-2023 15:54,99791,웨스트버진아,8
90959,5,안세준,1035,9,장예진,Yes,계정 관리,2,플렉스핏 스마트워치,채팅,No,이슈 해결,긍정적,12-04-2023 16:10,12-04-2023 16:16,75157,오하이오,6
91113,2,이건우,1023,7,이서윤,No,계정 관리,0,크리스탈클리어 정수기,소셜미디어,Yes,이슈 해결,부정적,12-01-2023 04:36,12-01-2023 05:00,42999,매사추세츠,7
91265,5,이준수,1011,4,박지훈,No,주문문의,0,노바플레어 LED 프로젝터,이메일,Yes,담당부서 연결,긍정적,12-15-2023 23:53,12-16-2023 00:22,84314,버몬트,8
91698,5,김택주,1007,5,박지훈,Yes,계정 관리,1,써모스타 스마트 온도조절기,이메일,Yes,팔로업 필요,중립적,12-18-2023 11:12,12-18-2023 11:35,59086,버지니아,7
91787,1,강진규,1029,6,이서윤,Yes,결제,1,루나 라운지 스웨트팬츠,전화,No,이슈 해결,긍정적,12-14-2023 18:22,12-14-2023 18:52,49750,매사추세츠,6
91958,1,고수연,1044,9,김민준,No,주문문의,0,스텔라쿡 정밀 압력 밥솥,이메일,No,이슈 해결,긍정적,12-18-2023 00:13,12-18-2023 00:27,73046,플로리다,7
92164,2,정준현,1046,4,이서윤,No,결제,1,갤럭시 글램 이브닝 가운,전화,No,이슈 해결,중립적,12-19-2023 12:21,12-19-2023 12:48,84027,뉴햄프셔,3
92204,4,정경후,1009,4,박지훈,No,계정 관리,1,스텔라쿡 정밀 압력 밥솥,전화,No,담당부서 연결,중립적,12-05-2023 20:56,12-05-2023 21:23,72783,텍사스,6
92993,1,조정영,1024,10,장예진,Yes,주문문의,0,오르빗핏 피트니스 트래커,채팅,Yes,이슈 해결,부정적,12-18-2023 15:14,12-18-2023 15:28,20896,노스다코타,4
93116,3,이진형,1027,4,장예진,Yes,결제,3,위즈기즈모 에어 프라이어,이메일,No,팔로업 필요,긍정적,12-08-2023 17:51,12-08-2023 18:08,70421,뉴멕시코,6
93759,3,허서현,1026,7,이서윤,Yes,결제,0,별로 가는 후디,이메일,Yes,이슈 해결,부정적,12-01-2023 02:21,12-01-2023 02:35,71432,뉴햄프셔,9
93867,4,고수연,1044,8,김민준,No,계정 관리,2,퀀텀 수수께끼: 현실의 해명,소셜미디어,Yes,팔로업 필요,중립적,12-18-2023 02:23,12-18-2023 02:47,69407,플로리다,10
94334,3,박전두,1049,4,박지훈,No,결제,2,솔라브리즈 휴대용 충전기,소셜미디어,No,이슈 해결,부정적,12-01-2023 15:33,12-01-2023 15:50,55164,버몬트,9
94677,4,김소영,1036,3,김민준,Yes,결제,0,갤럭시 글램 이브닝 가운,채팅,No,이슈 해결,긍정적,12-13-2023 19:27,12-13-2023 19:51,94881,아리조나,8
94823,5,곽지운,1034,6,김민준,Yes,계정 관리,1,에스프레소 디럭스 머신,채팅,Yes,이슈 해결,부정적,12-09-2023 21:30,12-09-2023 21:41,89384,캘리포니아,9
94855,1,장은형,1047,10,박지훈,No,주문문의,0,퀀텀쿡 정밀 오븐,이메일,Yes,이슈 해결,긍정적,12-17-2023 13:11,12-17-2023 13:24,80301,테네시,3
95065,2,배은희,1014,3,장예진,Yes,결제,3,핸드 헬드 건식 진공청소기,전화,Yes,담당부서 연결,부정적,12-11-2023 23:44,12-12-2023 00:13,85907,노스다코타,6
96727,1,김종문,1038,9,김민준,No,결제,3,옴니차지 태양광 발전기,이메일,Yes,담당부서 연결,중립적,12-13-2023 12:26,12-13-2023 12:40,47239,플로리다,10
96728,1,윤광민,1012,1,김민준,Yes,주문문의,2,팬텀 스텔스 보안 카메라,전화,No,담당부서 연결,긍정적,12-08-2023 21:44,12-08-2023 22:03,26020,델라웨어,9
96774,4,이동협,1045,7,이서윤,No,계정 관리,1,아스트로뷰 가상현실 헤드셋,소셜미디어,Yes,팔로업 필요,부정적,12-15-2023 18:33,12-15-2023 18:47,8677,미네소타,10
96837,2,이준수,1011,1,이서윤,No,계정 관리,1,오로라 운동용 반바지,소셜미디어,Yes,담당부서 연결,중립적,12-04-2023 07:14,12-04-2023 07:20,82961,미시간,8
97147,2,신지호,1005,9,신일우,Yes,계정 관리,0,아스트로클린 퀀텀 진공청소기,이메일,Yes,팔로업 필요,중립적,12-14-2023 18:43,12-14-2023 18:58,61229,아이다호,10
97839,1,김재오,1032,7,신일우,Yes,결제,3,웨이브라이더 호버보드,전화,No,이슈 해결,중립적,12-08-2023 15:16,12-08-2023 15:41,19677,인디애나,3
98025,5,배은희,1014,7,장예진,Yes,주문문의,3,혜성 캐주얼 티셔츠,소셜미디어,Yes,팔로업 필요,부정적,12-14-2023 21:56,12-14-2023 22:13,77546,뉴욕,4
98271,1,김으뜸,1006,8,김민준,Yes,결제,0,소닉붐 블루투스 스피커,이메일,Yes,팔로업 필요,중립적,12-18-2023 17:04,12-18-2023 17:12,14948,아리조나,9
98280,5,김재오,1032,8,김민준,Yes,주문문의,0,스텔라뷰 퀀텀 LED TV,전화,Yes,담당부서 연결,중립적,12-04-2023 17:25,12-04-2023 17:30,12781,캘리포니아,4
98909,1,김평식,1031,8,신일우,Yes,주문문의,0,크리스탈클리어 정수기,이메일,No,담당부서 연결,중립적,12-06-2023 20:07,12-06-2023 20:14,98008,조지아,10
99131,3,박영주,1002,6,이서윤,Yes,주문문의,1,스파크플라이 드론 X10,소셜미디어,Yes,이슈 해결,긍정적,12-06-2023 06:17,12-06-2023 06:26,28458,뉴햄프셔,4
99174,2,정경후,1009,9,이서윤,No,주문문의,0,소닉붐 블루투스 스피커,소셜미디어,Yes,담당부서 연결,중립적,12-07-2023 18:05,12-07-2023 18:32,85134,뉴저지,3
99291,3,김택주,1007,4,신일우,No,계정 관리,0,라이트스크라이브 3D 프린터,소셜미디어,Yes,팔로업 필요,긍정적,12-13-2023 07:26,12-13-2023 07:35,15861,루이지애나,9
99388,1,신동훈,1028,5,신일우,No,계정 관리,0,이클립스 데일리 청바지,소셜미디어,Yes,이슈 해결,중립적,12-13-2023 19:26,12-13-2023 19:33,26309,조지아,1
